-119.04620069195119,156.8258014479519,-128.41922426170854,147.67797574966286,-203.53526493322238,301.83716836059955,147.70474579641854,285.10017290678076,15.93794406346229,-245.86901046614855,217.28671183666734,-66.45672777933541,
-69.2779983662011,205.34709479968012,-135.28645619951914,14.492979399112585,-193.0705236785124,236.09030333030793,50.81090732869701,411.75222574718794,55.07868162877939,-213.69282894703434,267.80169888063443,-97.42504676925873,
-59.244600219864864,147.9656368773086,-107.24553482297321,3.106335117125411,-291.0444559638149,-130.7042333250156,-145.16768311426452,330.298966790303,-126.38980492456818,-398.4679915396549,162.53017560949087,-104.41575600901643,
-71.50125607360437,140.77265087206231,-60.17113801619703,41.781413697439746,-315.62332602035525,-140.7423893335465,-428.4703683261082,132.0598706570747,-161.9412156356129,-276.56386347490763,374.6291935487001,123.85469500190591,
-58.982897510012826,196.33336108530247,-3.5334514172682105,-1.0392750132042465,-288.82015072521085,-145.24311404290245,-285.61534007996215,224.15338287229184,-315.2538844037478,-251.85136516582412,364.9421832027389,101.08941871665816,
-55.95956007453634,200.57987348260735,-15.461713893924951,33.646814923760246,-235.55940931128742,-46.59438369329939,-142.59633021353977,221.86483392981435,-219.44420622801061,-263.244685682533,492.9100342643685,309.3736268073512,
-58.11912617025235,160.24962283949944,-19.096702274707013,108.56478174573893,-203.26902279233755,-60.893423670120114,-326.1549354246556,30.951314956856265,-210.91599648420737,-262.6248186083965,377.36082584634295,158.4017421054914,
-71.26699827493456,147.32198853725782,-30.798918383072674,119.96045623152091,-98.21088404199202,11.071232973331973,-270.86978195489814,18.453193858146847,-309.3297047672945,-307.87493346431586,221.23139027275386,-14.231702081546942,
-65.33911694714953,158.41890691184037,-85.07538953684369,121.2724684233418,-99.01612521153035,-68.06129555805205,-266.6478236828531,10.973132097602786,-243.74011419689293,-324.3807128435859,254.09665356274527,-48.60008891793041,
-65.81152931230119,145.46747517147236,-74.27278834573156,122.10345877117871,-60.96865389786228,26.098856074667765,-186.4260061559999,47.43627285516226,-271.39432888809597,-320.88098974539105,78.64704548972381,-81.86405487352783,
-77.71021179494295,119.06854280212175,-86.02469880478002,48.30653513344839,-16.295867723257423,4.492672431740971,-124.04393359473593,220.71842964779756,-251.2691236051184,-401.81117836070223,-2.4185348913006237,-175.78346503813214,
-79.99025264103147,130.06412857606745,-46.15742128892935,-36.98484327651096,-214.8573424220723,-23.16636971763546,-92.63299702863921,214.71819529895524,-208.6509587863502,-283.9287987682434,57.57965547419286,-204.28708188287527,
-65.99489695243278,124.34291749706173,-82.78992235635386,32.771001394839914,-150.6912809193822,-48.115664754267755,-34.73922435048365,166.75294376880774,-157.07127285951773,-275.0706229431808,214.41465853564597,-87.01466174770631,
-57.41175933097537,118.75854322545334,-120.97305776972445,21.879771056532633,-45.422005703569354,118.18567091890017,1.2297113453127224,144.16549439254808,-151.67045760146866,-162.2749085605121,268.8746930632599,-41.432758154964546,
-61.90221889861315,114.15444446990787,-111.66467371528192,71.06463850706022,-40.08601056467816,75.50225857203617,9.666982444293964,34.423242061400174,-267.0931910412201,-252.39210039472843,200.38083420929883,-119.28762261002554,
-72.54298876158074,102.49926285281052,-87.78354733927172,101.52996075918846,-6.3030775698860495,91.15109912607193,-47.268541511620825,73.31003178591868,-213.52139804369415,-220.06293428199714,254.6968162987155,-59.116282707955904,
-62.60561622956805,113.24556007731559,-79.48128154691074,65.93251357816608,-0.39846147841764434,57.494842544299786,-105.48501034354476,-17.915631872393078,-404.38464022343567,-336.95702671943025,161.2714280142889,-74.29156876213972,
-64.186655665588,103.37948632038997,-110.66737649317344,50.7195772496388,-43.638146078556034,86.46558593970235,-107.79106297418897,140.95963741896287,-339.19872726604575,-176.87216016091475,291.6627261753715,7.824619837611976,
-74.24943852626959,87.4826700593052,-152.62457073427038,-30.97650634977586,-77.13673013159294,93.83469286359792,-109.96860011080139,111.02918440329893,-276.6781591948533,-336.28439960768907,226.01698136852548,-28.16420300902527,
-72.4643891072007,97.54368335855008,-106.30623907431249,55.14847836028065,-27.498054552361147,150.99849705054606,37.25013150074568,104.83279209916032,-279.24423386604104,-261.0491570521706,260.2336450657161,-17.589406038966914,
-73.49496681000022,99.36763233143928,-88.02295098307225,-26.105931506563223,-100.12872728940971,182.00310588065494,-15.107314705711971,133.72882516469397,-265.5162268785621,-332.21229285537675,203.08988915971455,-27.877989102013288,
-71.74101225517754,79.41917156556268,-197.0530313540488,-12.97005796979633,-46.027069572246965,115.24107183459199,-157.66333073844203,122.57253925373735,-309.7847690671377,-321.59545282661134,116.01163246416638,-219.38446909468905,
-64.56853577212198,75.99703536788414,-101.32573258941133,65.00933457566332,17.0566519023783,107.48560077350905,-106.21609819864443,117.17986808018196,-190.07270208691682,-119.22361272437367,230.2994556675573,-191.64739673520228,
-52.23639739090936,108.49329322431312,-64.57263589925651,57.5356817226689,-20.38145536656293,90.6625486327535,-66.67148861971205,193.27208545754235,-292.1808923776221,-254.86553896874386,62.06358435957449,-230.3357965834217,
-66.50782011133924,104.91412738243584,-94.46296018260882,57.10790280742262,22.844665777471484,85.02842439221803,7.659550326408464,169.95995481862354,-217.08013403188278,-194.63303863821258,-147.56617271589795,-308.1588247501446,
-74.19692412800546,102.1892350825609,-96.8158152896205,41.70420153091902,-26.90884279483616,-53.52063954873205,-113.81343686839423,34.47394206940032,-234.89698406045062,-158.90602399319488,-34.15340416013538,-146.54993903512627,
-70.7426732918056,89.0217014981106,-103.12999008742672,12.485070376362302,-11.717900611006886,63.20965679610151,-72.01909117129037,88.81951666706675,-234.76538471681295,-131.18543782671475,41.43180582346031,-83.12217772540457,
-70.71835425818841,60.738408452133655,-146.98185458779167,-12.492888530582633,-15.637351788717417,83.07259663684397,-6.58470494166049,116.50479339081835,-291.70495609365264,-289.7037365746869,54.124015081782886,-50.57260614565878,
-71.09196440058196,81.3473344877828,-170.6432608174595,-18.887095298534433,4.335930359861038,62.65505199999956,-30.838700560810935,118.5983958739738,-329.95024616354476,-262.373344727143,90.57219286097254,-183.835379606542,
-63.3059331738521,0.882791025738527,-140.6440906165733,-32.16829366617242,128.71551620566956,294.79301310101414,-170.1362195808952,-121.02685566225722,-155.53705230743648,-48.47094867289539,49.18773571665798,-65.3668289494388,
-68.2379183136392,-3.0806351690758333,-92.86243755246797,-84.29902605521835,259.2400960256193,312.74252067478176,-179.96542197114888,-72.6325596389662,-100.14800669642608,71.83261021868245,-57.33255172626929,-158.1124431631775,
-58.14068742531485,45.385232500178915,-39.493197147871335,-102.0234165220997,356.7886831629511,400.58526689933683,-167.9980923609798,-19.190055151784463,-14.716143374721277,368.1531142397181,80.90285860505136,-83.22027204878438,
-109.79412138889694,35.39659764683006,-12.971497993865512,-123.98108108212165,505.9579728066345,170.51518468655775,-201.39742654962495,-293.90907391687335,-138.36921468671105,751.0522000836219,-43.40401693286526,92.18519270805022,
-140.913135533837,65.64072312127036,-41.52553148398278,-188.60223809347417,494.8353988127654,249.95303282347038,-158.82176309592643,-329.83498108486083,-117.83797867217422,627.1670684819122,-67.70727912500064,96.47839213828978,
-156.7327483429185,-11.408420962811562,-103.09361200197908,-276.3094388570079,361.51084505723065,194.13321951187032,119.36320263696376,-338.07562291030524,-52.86178548256803,631.166863528646,-27.705664997960923,65.74701184162272,
-140.87111287872895,5.485100537279294,-107.5690425168173,-266.92665498359383,346.4323319230976,200.08934156041815,186.40560011336532,-320.54586558829874,-95.9071530498077,655.8336811751426,45.2599964761377,-81.1401292788898,
-59.82131926335096,-24.56114835592473,-95.98698845184849,-305.70750133178024,177.1984526248522,239.66034607390114,207.55990305551168,-171.37341730001458,212.07748927574613,628.8841351152853,47.681546376291465,-137.01783551241147,
1.7961929329602366,-6.3206958612222195,-109.06664054673948,18.93355133383497,19.01209452037712,211.46454758412446,292.51726525624764,59.19218027908636,33.96954385810665,248.04515683349945,91.52632895777882,187.03934382576637,
6.484158455156093,-196.9183504972209,-149.9699284519145,-199.6791532066644,-22.147777916337663,68.08925031969773,399.6190418353186,59.45354489168108,92.41431567426179,416.8299626178706,48.9400303435192,352.383145471169,
7.451638843556667,-173.48776174252777,-75.71837703309343,-178.46426242549649,-71.10365291885572,195.27720316798064,261.90054904701975,203.62543115892737,80.05952737994664,301.52449512044717,88.68799665775182,281.25360468731844,
15.257138172501499,-158.29624054229816,-69.60919538384917,-175.8557501404971,-77.79629830595727,293.0943114884634,148.35302136033732,121.46700883933909,120.66033593962652,112.82988452155433,42.84686834496625,230.55432625145357,
20.56696961063459,-145.6543138752508,-125.83865266883129,-148.10768967319024,-82.69508957000787,205.15785169128029,257.2929177596217,200.91282790758905,9.139954488364353,109.60841771142879,26.85983180470896,179.25759572255407,
9.181103999061847,-229.6665744403635,-41.96716685910126,-195.01029804677302,-100.19271484133168,196.97016592009768,176.07370440569144,137.09402616008558,-28.730952390853865,83.12042440216317,-158.8124082708926,138.63667059741442,
12.527634810485715,-261.95582434205676,33.3786932390462,-263.6742580364352,23.517817971078266,146.03394212532754,279.3686750623259,172.28112123748974,-94.67296277463001,218.21112561175119,-119.24359802698052,6.446633135091773,
7.010910245224695,-271.86712590442494,64.07304596426003,-237.66047637618618,50.10195976672106,63.86541352239408,429.9866375963062,148.757696325892,-5.880591413229553,267.9993569286176,-65.45818853804946,4.716500906517325,
15.908830208731448,-306.83635636578026,72.4038476587739,-262.07769380541293,108.22435987526853,-65.15624863830101,405.738080892776,55.26846775437252,138.0931669587274,179.345940952709,-23.2307670647146,-39.75609018575764,
25.338366118937138,-226.2374776365171,-34.91696714667782,-128.54188824841515,63.47362997870925,-116.7899483110325,413.99818060841017,46.502754006293344,16.224701573788877,370.30690892257076,-91.65180113476112,37.43142504225467,
25.762470526901673,-196.24218120493083,-140.68336715710902,-136.50166451599927,143.1115774078142,-157.9911442056101,410.28577084660014,20.266763111437967,50.60148134316134,497.8407814911641,-209.36540061396704,10.539669160734718,
27.343046702063617,-178.94220011365252,-169.59474935238404,-45.87903881662683,112.40282605807704,-135.9530758302676,323.3671786855382,152.7464871305115,84.60497703095477,520.6413101902033,-205.80986621824638,32.71929993017248,
43.06215482442627,-230.7079760155434,-164.3755714868841,-119.05842838039104,149.8618058331215,-253.7382775129803,401.83883675857237,119.07706290596434,192.74815246974208,639.6474401959096,-222.72746673303993,236.46339513726815,
4.898501844872614,-138.87828589522013,-216.7487096097604,108.20827320602186,111.95497644984027,-255.1302132032622,151.07119943121842,357.0417565221213,106.00351777218121,478.30531340955315,-27.846936068399998,-5.685055601373804,
31.647295426344506,-183.14585509782523,-136.04130752940347,-3.4888197120842506,248.1381009614143,-439.8145185648399,299.3263460166937,286.01374137032946,91.12640077432668,537.8744965850304,-130.00114375133688,-40.59399346316515,
26.590623345341463,-172.20831891826225,-133.91310673247236,132.68730630245258,92.77543689791028,-502.86034974781364,276.77102149027945,106.32250174242694,188.1822886499516,575.1209007339124,-126.81470377616807,-61.81844185766834,
-1.0871316794814554,-145.240522113282,-171.3606739940573,94.21895311495607,-57.966941997910496,-463.811304797998,71.92970863781885,157.8315606405848,86.34753913964087,495.07828516913696,-170.72319829262062,-97.88648579793302,
21.514738846911715,-178.57883780285766,-15.082689319031232,-20.232135117484233,100.90004605896405,-523.5412548947695,221.16681337579917,-57.45684973321124,239.64186714952194,359.9110818300303,-156.10196496487015,101.75598845794671,
-6.4688585671996295,-118.20563018476804,-85.11792283212372,14.587641305114602,-43.70252611195525,-500.32753578997927,84.60479078664709,-177.2748875260612,260.8364347889251,259.2230696043327,-269.0054704351635,105.88673297887651,
26.726485929420114,-102.52116238474338,-9.314032804284594,-23.61133404981581,58.33234980338788,-548.2126698214572,195.40023959356736,-344.800518455767,348.46441211262743,278.88032195728715,-325.31355961188774,192.15829287015958,
27.012021313937886,-56.52898226696715,-34.66972523171789,36.79483795341454,51.652770982422474,-354.3275886005023,-20.57059844575727,-316.4687430136098,255.4369923308514,200.14518240812373,-270.34804307323896,89.57201229969938,
25.154171068528157,-37.717680921651066,-13.672379626687501,79.20385877875277,67.50852818790929,-307.00833755516055,-6.452480169516505,-175.03254488127993,244.00152016133356,295.94669866043,-182.0231912723143,101.59386157900711,
52.18496209374357,-91.87497662554557,-2.9109736205516725,-11.684648027471042,232.17342502273328,-389.9820212347338,55.127589252626194,-338.14161008697636,180.78370046746667,134.1934367836585,-91.67664645383854,-88.76713050228281,
48.507872825938954,-71.21872311694722,-26.435764385357203,58.01793139849143,183.3639988697558,-271.8669134647164,168.10832262450748,-90.63257108383641,228.4957157503365,303.2956721555288,-318.30288909939156,-40.689503968288165,
6.435373454319711,49.221274207928815,-46.3503128732831,103.89745722165564,193.91597495146968,-179.3609281104085,-56.36039938406955,55.173765434412644,131.90283169056937,244.24365451579075,-72.13715488249767,-267.3754350286426,
-82.27753263556352,90.39607754152864,-63.73814575603917,26.48684132792451,398.8586939928973,-240.495615974585,29.990389442408194,108.00316948330016,-13.388157307270085,153.77513962153836,-238.07999459762368,-287.65066990506574,
-123.09741962148848,108.65186012836509,64.96274987175146,-230.54898843885968,560.2139924639749,-448.1087761574295,139.1777984758944,-66.76139108578019,38.81800058088193,-32.13563527769193,-75.60333592498512,-340.6187594674735,
-167.55676420164048,219.18910833716672,53.19215333512976,-208.16368941312192,415.95180256178855,-210.41622802313327,84.51136156620449,136.50220866534798,210.26092586917235,31.6606722445014,50.34860807588956,-120.99934330484265,
-189.7145617543809,196.25449205561893,64.56991085934798,-354.11879707898333,384.49482592371805,-192.55769009359256,-98.69439779460907,32.0566812117421,241.28884523180304,11.208668204577947,-85.51652901558646,-59.62483127544904,
-170.84071357175804,186.4420782477215,168.8867444289492,-312.5898788267558,478.5118178819286,-8.513210214175047,137.90824211504102,115.95397641661259,310.38227231486593,-42.0497884914421,-35.117842748942735,57.76630405367278,
-203.5670350848626,202.79469177530746,144.08934147070266,-252.25816783676152,433.79983636494995,31.025009532393995,30.557523678508893,124.88664842638491,331.7122446184749,59.47884050954568,-42.51518360721684,-53.83287613267717,
-239.74924317567832,157.01828652817468,214.1002489593045,-239.6647758865975,385.5050215015028,-0.6679537195985858,-67.04442593354003,60.21545075430225,365.31118620660084,90.1956132455714,-192.7102659450843,-158.91776453765073,
-217.9148672414907,133.42190928050118,172.86887115501577,-206.79129955189012,400.3848945608031,90.00465164758901,41.226373385906626,38.04835182114033,452.49351035824264,193.65590708936645,-74.89754418977122,-170.1764298523173,
-256.18098839760336,49.09580081505658,203.85542026572546,-267.0631231789741,402.45266279170914,-157.02839616422273,-124.95614210037954,-69.36175321669594,617.3530010610536,42.43375668202651,-180.4920342340485,-284.19116458810544,
-193.6020106091335,93.40194357152787,165.8811841594441,-253.62831168438612,470.99169399247506,-27.40818480002497,2.32758005427506,-67.31015472457415,669.7999993533052,-70.32730598568283,-30.083634055830032,-75.84927338768759,
-133.48959311392855,102.08099163077165,191.80205631623204,-53.663990674127945,289.1892501696648,-282.67621373657596,-212.61932401820846,-148.92314441188216,352.45993383407597,30.168249603198802,158.59351445100174,-71.66948628766801,
-74.80752099589378,-28.13354629758254,232.37722036075832,-100.83037721455145,173.64814033285543,-516.539357839367,-326.28945127841826,-337.95998851436366,249.82476411345942,28.091519623405787,44.88022259975526,-151.27368067347618,
-22.86151767959735,-81.64159421902764,317.04351656873587,146.0127857015615,56.32437210286704,-600.8441414752915,-230.0536315664705,-137.45466161672152,382.9160319615171,185.96424154510277,-30.90557378198588,31.37454843094899,
-27.119386142173152,-99.99648736801942,294.6854536787543,194.30506254449867,-174.46468706950273,-585.152206301661,-336.7371090285367,-26.218134029966848,175.43227882327741,56.84014226553717,-102.20245403875782,15.330676876391976,
-23.2049466774196,-86.54132726752943,357.2364939670272,239.96877475679486,-235.7928755155844,-557.1248362771414,-265.38122296899564,41.22745960754219,192.6182287709593,6.480260908183169,-141.2948144358138,186.80536871088708,
-2.6014281985396783,-114.78831161653108,392.573062042332,177.49840202354036,-238.84366956722076,-585.6297162209446,52.54638689534494,32.89157337283103,130.88581597859712,-110.4011758688102,-137.10784776103145,154.283947258301,
8.802468834570366,-107.56544054314685,330.9154493905171,150.12683810758682,-241.03464665015062,-394.74116209963654,166.44134411725287,48.5631174501998,52.50443397670785,-188.14007800237187,-80.66857781934385,189.87701231755585,
11.292276212911673,-132.65215943246534,325.06196506063196,54.10433511312564,-349.0732267813824,-450.1263094668557,189.75152471745656,-28.148095267352062,-32.93831257117679,-234.72510929529636,-171.6093504510102,114.16866038276423,
39.4685718881184,-155.0540847945279,320.2973507602825,77.59960940323236,-302.23604894252776,-348.0839032144986,249.33961880802963,-27.171025577138494,-5.676673510306664,-234.22374155760326,-73.78942818504237,235.8959630512017,
9.52197077149076,-106.6597058426421,149.6288913288958,256.94945702192206,-475.24170651399896,-159.22171513131968,37.26665605207832,4.570257652570717,-46.387271541756654,-142.3036898055206,-144.42825775453792,69.3290893280225,
53.51242300836523,-182.68377712727215,196.175744465996,217.9235904677073,-293.5193012590727,-225.2853651411109,48.218039893106855,-161.72029980364243,-25.786013400140483,15.835620729692664,-226.20515269398675,-20.536547058872756,
67.19372816108665,-119.65677013495514,146.7879574389538,206.86987839138914,-114.28403638312227,-88.24556057042832,39.38770687171086,-156.27322874054767,-60.46211141518345,19.17029614925329,-101.30297898435595,-94.2354791383469,
30.278254157209595,-43.93734684650178,27.002806497220973,291.3453312289472,-212.17079295110196,50.294224262559965,-84.43089155919358,-83.27154196871567,-70.814832681577,39.15040109933943,37.42962617897592,-106.24932657302676,
80.04451918976741,-186.67766747565395,52.00335169655641,163.54692848864076,-259.52849253322165,0.5481688455139988,13.74587442935232,-368.56537004834036,28.908965609672727,132.01008179117275,-168.10181276420417,128.76557720676027,
96.1378212597306,-216.3987556018389,38.09593811955993,104.97982722440003,-321.1203075155261,63.90241076371234,143.5855885202218,-250.77901674842587,39.54320703770944,160.57022642070154,-16.85840633087986,241.1112163613126,
72.27201882765084,-155.53787179563028,-46.26249277615603,108.99335236440483,-428.1471096046439,193.25132694357688,203.34981712878167,-116.22723015056124,-16.908916627456698,98.93709720104039,38.22308630248284,155.18852123932652,
72.70897302995158,-174.1358517255316,-28.1893209314118,-27.342577621447305,-421.7932984486567,111.76044592488196,287.9194091209471,-131.85465531420732,-64.51897821860442,91.01252276051622,-105.76911610047802,114.15789408146581,
123.94714996248206,-277.7500443379094,88.15414668005725,-215.72322645213143,-241.254453972842,0.010130223974499586,503.6236164384005,-233.73676694851622,70.4972262070463,54.47434949423703,-136.03031439317078,141.24770709787202,
72.00035179508231,-162.06006974447405,-39.18660775818922,-158.85057498710836,-384.57102794421525,242.96276951788082,291.13305557675415,-3.5846262713876627,-87.89630994713792,67.05578740130335,-98.14842627008824,127.87859568574235,
63.544548573995336,-108.95240279019134,-35.854401106721554,-195.21432507273778,-395.2396508665311,288.08030818876546,333.1338190813823,87.53492285795795,-14.302372164570407,79.85199606313671,-136.9330303357292,120.71713796250877,
67.78718560180755,-140.59131072994018,29.782672707732033,-375.88733925414465,-338.8842611611624,227.47346454259315,323.8870477664561,114.4443894130705,-93.49195050214684,70.47918804488106,-93.66751660064915,62.981388216379216,
53.8671237925746,-126.89890320401452,60.34550182200543,-372.3268897203707,-361.2297417833442,251.55406967705332,241.3132538626242,192.86323699802324,36.45302679629789,73.46338969712792,-97.50469369867449,7.209220256658838,
68.60474350317753,-126.99281762386374,122.32920766683999,-408.2686859410295,-241.58677649455487,277.7951266744818,232.51116099462774,210.07170376548154,91.35711632934982,180.54551827456703,-68.68593510154511,57.34816207940814,
44.64690181680147,-92.20130440469916,66.58045612936384,-401.1217280550676,-375.93317064807945,325.9859074088888,194.10791686567654,141.68791279995312,-13.677928999308016,147.62450854449645,-33.3765092426612,19.3967640699813,
51.00233873431038,-130.84283643397293,153.07538234563896,-503.5864337775952,-329.1684429310179,219.8079129935201,168.33501770047778,58.30043859964496,-65.79033894668669,160.4187339077493,-120.88906358012224,-21.64998658912633,
40.70913844969004,-61.130257989791346,65.02203858819742,-392.4262749668113,-341.50586317638664,324.3279692255964,184.09494151351907,186.75468858502663,-101.30429329417248,149.58214185756236,-88.7149762491403,33.56082496264007,
40.36587388942333,-50.210068490067414,62.19342347674426,-470.32266663942266,-393.8999931072773,355.5616106803449,204.50422774621572,269.11130880112836,-152.10049784704597,20.039007041045124,-154.6702967813211,-29.360097421678233,
34.33746540644313,-19.74112884753609,53.13220780186519,-414.57334368138277,-470.60467390863454,320.2461049873105,310.1336098969096,295.7043997692683,-127.98825788429625,109.00341269368255,-234.26243883470124,-103.93947887379751,
62.56523920425838,-104.0917477043061,177.96053208004747,-606.1332314341308,-287.62933771363663,227.6425726584941,303.3852531224055,222.01402191548806,-40.08109020565421,139.8855438673993,-326.9946618968561,-36.78372419568319,
14.782779800094715,-15.644382557891333,106.81381028609972,-524.447118357868,-481.4132476602522,314.3195113637653,183.35901199082642,222.53060468857734,-143.70033145435065,150.82195065864016,-137.49730242730107,-27.895545619789672,
46.27864995033909,-84.31130834968332,242.7986303320805,-667.0386807964494,-307.9396320522416,190.17444165384563,398.7994228532009,219.8701081458835,9.364868606301748,145.7831789170816,-191.85353398853397,-16.301218565114425,
38.33369047337917,-95.93840931284069,246.0198961459235,-682.258565255313,-295.3768568382799,167.6650664743539,415.5547992709471,177.15920908040846,119.59629006149811,158.57375831081566,-232.92723311167072,-81.74843029928113,
-4.009370781266327,15.766495571866756,143.089420755533,-533.6014348216564,-436.4919029446742,310.06206373218856,274.3994157168805,225.5213837648766,50.39312734432424,211.42570757765554,-189.9397999304196,-149.7645009543504,
33.45667598561736,-72.37064118234082,289.7422446904503,-735.7497809906434,-242.97359626771237,95.44818653838831,486.4391455763192,99.6667468043496,67.46242728180873,125.71857818796406,-232.08962333122054,-75.54521884040781,
-9.39339819449625,33.0395511174423,121.09342234408659,-546.8842746680128,-424.27731774097157,273.0048833435709,316.2954352206865,153.40558029413515,-24.02468508699139,97.64656576753777,-205.4328176214928,-109.80357495351288,
-10.44183398481887,21.26339979746669,194.53908100895427,-576.8614139524651,-371.3765321232259,179.02201397470756,315.2011678722052,186.9853690218685,187.08909687393532,157.55490910831628,-119.67643067676477,-80.11622575602628,
-12.007357958812243,35.41651488588769,164.67753891380363,-547.5361724463719,-395.8074765461545,267.5789695935705,343.3747328827759,205.68936177505137,60.30024974576489,222.57691215891606,-169.6805316718574,-101.13763718951424,
15.148436429076831,-2.903915325943899,246.63786426294985,-646.5971511735135,-373.4000271156363,98.651256897076,423.08366011361034,140.97491605898276,81.92045512097232,194.0269128018815,-232.7154729619458,-73.59098771791948,
46.96615648679749,-45.52318544033088,321.60007152209556,-731.4822818101247,-278.1592032510254,32.58194813044588,461.5007106809305,76.9554662400563,192.1330107133109,125.38405332130316,-257.82619619440277,-44.26783899183046,
26.31597472027373,22.498991329580576,260.15655327678934,-654.909418699885,-435.8947011361321,181.86095167161585,215.05681907794695,218.23115594696,154.13687350352507,176.0430229170076,-187.2424411463959,-137.7431248529006,
49.570161223476404,-16.546419703340916,317.35465324962735,-671.6083283568811,-489.98934889852774,295.9597098747391,72.47296724237395,336.8582531563038,-66.94169192366934,296.21338972430465,-126.84122848291702,-151.2962128529023,
76.759872870051,-26.769781758791225,344.08722160620727,-674.1545456818257,-325.0726889618711,244.0803818208597,242.69591266512347,178.51908286400098,242.42351040909736,171.49063025530108,-32.679656141839644,-116.86026074693483,
41.05788482592729,94.54158130803147,205.35456003060307,-514.896484224328,-547.7728533408492,290.9009663997582,83.72699063373159,227.50376229832477,258.7302265457005,78.63524321525449,-48.10792745870509,-167.17474946719386,
44.54603703210489,99.44115662848607,170.47133562035515,-475.54769430644114,-620.0545729253773,260.7481441129164,31.292867195704822,181.10324852418245,161.7385199868334,14.563548815088183,-115.00410099661968,-148.7747677651747,
71.37199575760965,131.9000923101063,258.3199972654006,-537.6384124160219,-599.7807840891663,259.028511444172,209.62329284473614,95.10298782682719,159.53164165103658,199.2612877938298,-126.15187255633134,-20.538670944079556,
76.49849629088837,128.61414099147322,195.96411440182897,-515.2617174633926,-542.765261697405,235.67854899512508,176.6877712853202,92.58265044508414,66.54675212908424,159.29208917591114,-144.97923811944713,-15.854094810834255,
78.34610805644442,176.72587883197656,180.24420882361937,-523.9832121864596,-498.35513411440877,188.4784968519263,302.70823326810466,5.2506747191130785,24.249112940893006,190.746101290085,-306.23299539230663,18.936237501376766,
82.26292856784869,148.33672186559988,222.46003817577002,-545.7395628723523,-430.64101625368596,179.68265614175667,385.27247857783584,-14.294205687764247,-130.7013905307999,133.70887704987405,-435.75048690354106,35.4460078257609,
68.79857637551981,215.4508745537231,247.7942236398684,-537.9310516166184,-330.64427615012784,293.60007426722,425.7547406554146,95.36488762154733,-242.0097886717906,76.35957658719315,-387.5443583666673,40.58810855735099,
58.762869918964874,178.53758432469888,224.629649369944,-344.857854953004,-125.85435820103987,248.70302441932057,359.57709169226916,-5.631161164697801,-239.00228629704355,86.71883129562917,-311.72594155802847,-64.69853611372352,
65.00848826214002,198.20524085927596,168.78563081361392,-433.1260101740189,-175.0316296457501,442.0711214805426,386.672625514533,-96.7503052344253,-245.60299172828041,160.2954678325238,-168.94477295927834,12.16870568779764,
60.00393947505385,88.67192227059445,141.81873729417964,-276.41213435053265,-142.73856659365708,157.24907946112793,327.5274979844429,-448.81280428304615,-279.6790374260282,122.9808185562361,29.29542601174012,150.6120372781055,
49.534930424680894,50.71031548222632,39.70635946385313,-148.11973809783103,-132.04230351373744,76.33594130481208,230.74693241097162,-543.1456356751299,-352.0598730247393,349.1234526815863,104.93873879347751,320.7620132840898,
53.70067773967595,-42.54010066155422,83.68626725499594,-193.46912046481918,62.72682358314491,-188.23791443239543,224.67838016328417,-569.790257052968,-175.58300871008464,491.6932858546811,201.4193995016184,157.4424404864044,
23.80843838204017,-85.12176561069788,73.20031404482133,-63.836550431543856,38.86617620114216,-281.01535052204713,67.00672088784751,-363.516080067741,-224.19372694011787,602.1874431610618,244.7816062270574,145.16330734336987,
14.00927074199387,-126.486603311218,113.26544662561547,-29.561960238323337,39.20668426576095,-229.8027783228223,109.26807015031932,-175.08917343774044,-29.498707549898647,669.0376357014284,289.5298886415888,85.64454649145465,
-7.830360306218202,-162.6871367415461,56.369221516262954,-42.79156622099882,6.599236457544826,-210.1508772304171,15.138874419998992,-26.9595305903224,-9.596400944564444,532.7332052263155,191.3508488507698,-124.58337820065789,
2.908989398768769,-181.08260097812706,114.33054438313859,-27.69828737085558,77.19647938493591,-209.56757059454753,143.016709084725,-84.90352041415315,98.27469553620038,564.9793782104956,137.06587525188917,-42.273905050520526,
-26.482335893459712,-125.18878805416699,-17.904163437473102,138.7120939786755,-151.43321980743036,-80.32058592316815,23.550505705967062,-136.25088857375192,242.95961366134358,459.68016441343127,117.66657151096024,131.88626690232235,
22.615797300980496,-230.82721057673638,145.41275311093983,-0.7055351478566649,-8.58255076930623,-321.3980438523024,164.06059279433805,-373.97493335558886,346.7613125732619,290.10412817261124,101.53901612021232,165.58304152604018,
14.259319472253537,-215.30958404013137,84.05995024755838,135.46267075731106,-74.97151553439039,-235.87742294409077,64.13617563057387,-276.3397319332805,226.85831262074245,296.0470210121224,123.3988387335854,157.82140541452247,
22.919910982707627,-213.6348878882435,98.79908673813746,194.26750924343435,-73.1864047626759,-209.29841612430323,80.56550182028542,-278.202724912097,218.92662513347227,360.16107899553754,97.94985953300198,215.82549077161713,
11.62201768263467,-192.8431603069057,123.77060038159844,178.53725489488667,-73.8675201097302,-211.1677156834911,-25.231292800270964,-230.46111497328116,227.00577394965524,337.54197122458964,126.98716875331911,180.35893085506706,
2.9558995991785135,-224.64075303726668,73.10251133934644,118.8756678585087,-139.95692609423716,-251.10720768049498,-121.84877522266055,-245.42949975940576,211.1882066112205,306.37238472630776,-25.951511659218284,98.73185590543353,
-0.13402941648359246,-191.1507110151818,50.028443067703265,211.90913191272557,-126.2890460080632,-188.8175808892338,-76.67240574971746,-149.07328283184825,318.409239662791,384.34821930229236,69.75351590319733,81.2960048785318,
1.763206723935001,-180.35566023299015,46.76802750885763,179.034215209883,-128.8656165548271,-274.26391752772724,-55.570339409563076,-115.67460608264588,419.5195690708985,387.71370516907416,7.775717932953967,-52.934652756422985,
11.028716735252562,-189.91167742506735,60.26375212393104,119.49448536762037,-148.40019806047587,-213.33692165375055,-162.53604426986854,-62.42678178251333,409.79918693341773,307.01234739328464,-28.21798161718243,25.134852889143687,
49.40378039373392,-220.22908693924472,178.97027867608966,-24.27592514759806,27.118866766196057,-313.60331814151687,-126.22916483318957,-127.39008888638489,446.55958860340445,376.81734977072256,-14.747075258428538,95.75654466162239,
27.68053066763597,-125.48373640802606,36.99445302439271,114.429168157265,-144.46350816190406,-147.63065401122515,-283.3801545967151,-57.68240866904256,336.78054859032017,291.85762213337694,120.1854703407295,147.30932696205912,
45.893734023892584,-135.68695440227606,68.0556411207905,79.38647100248403,-80.37003565097572,-215.01315786527573,-211.79723693408195,-168.2320073503572,232.19077413319897,297.441614470235,203.99860293094312,189.9521263095262,
60.958948637828364,-131.12210642287812,55.493488934817734,-17.049909239713315,-135.29949804233974,-140.85166148415396,-286.50489985075524,-256.0878587068361,62.00585939589751,112.06061408880356,257.6948910971947,297.71226295522706,
50.9496075089439,-67.1852250553539,63.11730982404977,40.45190680662381,-72.82672424595808,-42.9164441149631,-234.84072529545003,-209.7148368689709,-82.04858953732113,-121.77986382132015,43.51263850166799,218.5481868359152,
83.56788264725455,-50.303144874478306,110.98976308333756,42.09787828318599,-58.71658529772999,-48.13212793134693,-115.11104070998502,-263.315698206148,-29.977894173210238,-144.29715715265584,-86.05561168281753,280.260785167233,
87.39493699828506,-48.29894141754568,51.919404271941644,85.9040616135469,-120.34016795697556,-76.99783639752076,-92.53622188505003,-215.08810237665773,-81.27358756699402,-52.59950337843223,-131.28743814842989,227.74741917687982,
97.95798536258792,-40.71404837028311,67.00245878819645,119.10905520350855,-96.76540797668389,-78.93722383979991,-81.90523800723011,-214.10974290551883,24.115049473955104,-14.237870597663175,-52.22028563972924,179.23611287933727,
88.32292352024137,27.371024297815694,133.68214357379293,121.22247900050587,-133.21124120659744,-76.61763258870883,-203.3821848438076,-196.01480298376885,-18.385892237450527,33.46831350891941,38.73124231057744,29.83448592760668,
111.89584350612964,63.35991283537649,144.3627389841576,107.85087640884454,-199.09643567800217,53.48842957456111,-119.41965175229888,-86.11641412972637,-30.88541657839354,-70.07574811372209,-70.03589685178684,66.07550446723194,
99.0409844757711,124.57279441380818,75.0412651242904,96.94571273165177,-238.02095366254517,30.36008260144382,-242.97210627503833,-172.5327620569418,-10.815998663619787,-223.1988952794108,-14.863906352339711,-26.137101536438266,
112.85748170587786,109.4372540875516,181.76359065703684,-40.478521345764364,-84.49974511083494,-201.86866388611452,96.8032411942918,-270.857377514487,-52.56007980794843,-182.0960926003604,14.480792205440935,120.99429050524769,
56.856593043990394,159.53579661906076,90.67428278282499,-27.326834695616412,-125.95597158663577,-154.81692022002153,108.12703360616884,-332.40968415406917,-297.6775351101218,-40.62768625871725,59.82594410683578,165.21256198210665,
69.32188652553867,51.8215212120314,154.29421754767696,55.84140667579351,-14.53503740374969,-309.2353375696392,438.69912083550196,-497.74006364437287,-291.67919836122184,29.754994237626363,181.27129844001286,351.22354452418654,
66.87241421638362,-37.07969076855912,80.1355155794473,272.6409122513563,0.05686121327786253,-296.62302060900504,441.40629165565247,-698.8630661969896,-421.3681836545298,-75.74214045861368,296.46692204007275,517.7420809175105,
81.16347479687127,-40.132329756225545,-8.225620822558994,257.0627879454036,-11.698739526767856,-307.0121272247386,463.66872504024263,-616.0387855194504,-385.11778385012695,13.390464570606326,313.55752302162483,374.6327364837608,
68.5337896880879,24.640474285074617,-8.330807058890471,261.74047403134534,42.122138224754174,-67.34433253736341,320.61265277815573,-467.92220348967476,-413.87848261031286,51.92576341120329,404.62222794982426,156.97515431665818,
70.18048504328269,30.054356517518812,19.970024577873744,329.63617384829854,72.55296445998869,-99.97570954433485,413.01763684025445,-438.6822902551547,-292.64318070227426,-172.9094746198425,356.2041900818796,274.6473586480193,
60.544487886286895,13.9378858378698,-40.25469262657264,252.10462674095987,-29.983905716956947,2.6779869010851485,503.91806140396443,-303.63324414622343,-261.66554443626677,-82.37983530335792,351.225067202204,259.3753503652738,
57.27554647511973,48.732655145674755,11.087929650574566,299.95102625801314,11.208210117332968,13.863611801230377,391.85489312197785,-377.14033655134904,-372.7672683204943,-187.35894195493788,178.72187610232652,318.9103175270669,
58.224885905993,36.889277486007444,24.004604055655037,230.20750207992847,-43.90584763320943,-26.09244954981824,283.841790454884,-428.5322946155129,-310.7289552805424,-53.10374370738178,352.5293987697611,463.596884138214,
37.67420524457817,35.536661876045116,31.502917750498185,295.64367255055606,-35.85155317701266,5.265916771481557,256.43140949078304,-305.96379375363733,-440.47085934573005,-145.17175663104587,414.07105540185137,365.27755364871564,
36.297711346371464,50.63647935243179,-20.76292442432272,254.87931996027277,-64.7193580674738,17.304090886109577,169.8268113654469,-306.64718686994195,-469.11234038559485,-130.47650727194934,357.30308361419833,255.27608584280807,
30.546889168951772,56.667372653158594,-26.254565249352098,238.49538459278062,-96.90374122803249,-42.64359762288308,189.96585231334046,-272.9110168974943,-465.65639504875105,-176.67058921496226,473.57681912260335,145.2628354593013,
10.591684476062532,35.34036593160093,-45.36513108927049,201.37567226305347,-138.41963122800908,-118.59066644591161,170.6823717831814,-402.10693298752517,-389.72776906933206,-264.1856061158136,438.9821179343505,67.27854360486593,
17.634626884635363,80.07923394696294,20.68449381574517,249.18735108881958,-117.75915900031418,-45.382785820813126,181.41889833661224,-216.430193623675,-369.6817490127871,-131.2224473161694,520.3826278205165,288.47784196895304,
6.533124117339883,88.37596892369018,-26.40494712698019,280.2587548522778,-67.31935130109176,-50.9893042801815,58.72106677554246,-117.22575305691674,-387.7226790180509,-179.18202627359116,501.6152195052915,100.66916684107285,
-9.233776460942455,89.3308987778747,-30.448875542530885,318.68618118598175,4.703331755505751,25.752463898744168,2.776786899943602,41.84948706376889,-299.9687794596316,-182.52040003706455,624.6605441198626,144.65889116186383,
-17.79543297291864,84.93336493488384,-87.30025080777031,268.3805534377322,101.13604668039684,-56.46868552810844,-136.47587226846608,-111.93730890594566,-401.4087195345346,-201.68111423675128,464.59067099657597,-48.526894568099834,
-53.16417401054886,74.17088231126583,-177.67810177581163,164.57783869687253,217.20324857917916,-136.14685255479776,-154.11892429277157,71.30920084627456,-256.88761992773385,-20.322923453659143,396.0507205754884,43.29396574064218,
-101.71415625168405,111.2760110511965,-196.87827947058673,54.577281198823414,522.224495200072,-169.29049031887257,111.99180510322243,80.34996008595147,-75.63283901264325,271.4656131229141,111.00102034614551,121.33011288100205,
-92.76858557008438,67.29771021895908,-273.4004722705737,-3.035053682226021,719.7944075538478,-391.88044322930557,167.60423016411357,-10.07205516353099,95.06066491438466,420.70054096682634,-283.2348956399667,35.86457176319429,
1.400109596289596,95.279635924006,-177.83675030081224,-119.76846754698505,542.8570758021852,-321.47609369060774,103.96182798382398,-246.5270810078083,266.0016405610909,475.0130791062885,-439.1807846158338,192.95374646228157,
55.70012233510899,185.4963699498294,-191.6444543328477,-85.99083667936037,222.95672898498538,-154.0477457233318,87.94404635749268,-383.05103762395186,178.16734779261677,530.5170615295006,-337.1222313421963,27.70711422139756,
89.43415874348861,41.507971795502385,-241.5961366959994,-135.18961097200548,287.7490036816786,-193.97657339667307,-40.72154839717474,-501.2101077612069,64.50935089375876,468.9042508041166,-346.70035291133377,-63.32826467123917,
111.45914451237496,11.65760546595871,-234.22492795865912,-190.0119901043123,386.3206478571874,-206.80774229419683,-52.10555770928049,-376.07422089472107,150.0868948181123,445.61036143948525,-247.09141767239146,126.83982391613567,
116.40623411230553,-9.95679824657276,-263.76027700378876,-133.12108154559746,343.75838588046236,-196.67467563189211,-120.99672436641703,-289.5412672511102,234.75162821028744,480.59757519017035,-201.70196528480193,210.19308943205448,
113.61815601844305,-54.61779006600577,-304.79253392195426,-11.096102638753564,200.2620410741944,-131.85065354562897,-353.84618769859765,-200.34604565528082,362.0492983047537,292.9727288961649,-148.70351237049135,274.9892014485151,
102.60587506444679,-96.23948073646193,-198.6325231652189,-50.79418551070981,118.6773767299697,-124.89867611614886,-314.1050768458057,-222.81973768894738,504.87752256523606,242.81942436782055,-178.04594703769868,212.48225103124554,
78.33829896768918,-123.37824433416193,-140.62888560787698,91.74093484554989,-87.16087670089436,-106.4807850375488,-339.63775980208254,-125.00425012761531,411.1005638405483,163.8746185455517,38.143496292869315,185.88010791731335,
72.09489073280423,-141.41479133041827,-39.10256270830929,46.34671205922004,-166.52457378459994,-125.89382886451119,-244.71868050612514,-240.84502402893645,410.21762555732687,134.85812784623204,27.465105447187455,196.96436096679406,
58.75199158153415,-145.5408927670111,82.68839894374732,-0.44715476401489695,-130.13708616411523,-36.65216143714616,-283.967218905338,-308.89970549765565,314.4373060260894,87.90437099865903,116.64559562920945,262.3688108613475,
53.27030378841519,-129.06719358870043,211.56418553260113,-123.36037099166805,28.154391518488275,-37.4361490405517,-250.14636741313976,-401.16911359827384,286.56359853269606,71.50902386760757,134.37552745303776,285.6796934041985,
21.63996307264514,-57.17659020461201,190.97237655516153,-143.22562078987062,186.9015865347046,-84.86593915830139,-215.97801270894118,-343.94208647590995,232.0084543257507,81.03573583393691,100.97236290126338,117.96077984715406,
-26.488515260229192,55.480887366288385,177.1694250528389,-113.96378507437521,217.42661898224617,-76.14696713327993,-171.9972113234721,-292.5122087349521,110.07064371014864,48.44901480605543,259.82016301226633,134.08895563008593,
-50.22683094483471,108.82112078906403,121.68000597574927,-201.81512013798528,309.8939859704767,-77.85777064671993,-90.20597758844136,-141.1069860939259,132.94684381230292,62.456719466168096,251.6198575013427,30.777528654093075,
-29.965123462710412,83.78245148620931,225.42457357491833,-307.8637141847578,489.92177641418806,-255.94388505937184,-69.50946639811073,-366.46619420465777,213.05301782606588,-3.496837507866047,300.6732658393973,-14.113281817426525,
-64.90907164735407,157.1759439348089,204.24268330792484,-190.17767010771212,406.1535675366448,-80.2664244772435,-157.19509504308772,-225.4958222945737,115.00117820331815,25.653127563980547,224.67170196800544,-41.32522095235578,
-80.96776370945904,212.64862163952415,175.72887004393516,-219.59832013306283,367.7049493403592,-7.525559179793163,-295.52820769525283,-291.42476737102754,0.32068884560477073,90.96049575919614,299.4805945923076,129.38194420274954,
-64.84044047059919,142.46224666341215,250.46963681137254,-321.6729708290413,363.3130944066468,-88.87320382802727,-258.58216168214153,-426.33710873713903,111.45883648233645,120.68794627198315,246.8628610954829,99.36836981992506,
-24.864148867757113,119.9656739604233,246.17001901468382,-318.19647597414394,308.16374406438155,-94.05797018618426,-149.93965404378275,-437.1002328434147,206.87813881237295,247.45528290243323,177.81397381295332,377.1985642149296,
-5.56864520017964,100.87097468838932,221.60271515030024,-327.7352076612424,221.07274817210924,59.16476075335993,-338.7002478400491,-327.30444468400583,210.2524375967951,217.19225102425776,300.2878063539674,408.86176532919444,
33.494095533016,17.364279689320455,323.35068929577295,-530.2390979766205,300.3091871779849,-16.08229397688956,-214.84583486977883,-380.6954256894512,190.45198382767165,93.13648761593402,305.1547089271131,514.4036955840206,
9.610914077578645,54.83227553851154,179.94223034633688,-378.4572619145731,102.36774374829955,213.15800678982117,-267.8583497051151,-308.61793835704293,122.75225178884864,21.057083623564836,217.31672466542193,376.0374790412063,
16.409243754526535,40.93107138867802,247.73120731455833,-330.69549248860096,141.68627059364803,39.07121909331147,-117.72603425517917,-344.0671672604544,241.9604187568686,-25.192810246590568,91.82831915555889,277.97508765802854,
-5.120561476043484,81.50786545825035,138.3455800622295,-294.24948624888253,45.59588596680984,100.5973327570598,-245.4669818301463,-246.12191716662153,9.363097983598287,-240.89771487194164,65.81216629547816,347.58835337443907,
7.688759305333406,60.84982221375719,129.2453334543676,-339.492264998369,93.01309166842768,92.5795216465039,-241.78915528741842,-314.9133340062567,50.56853443592494,-328.845871988191,100.20642445106907,260.24145096971336,
9.800694400513407,52.111988626344555,139.62280424036334,-342.51652081743725,80.29774483157459,104.18360614058793,-156.0927230319499,-268.974478633859,50.59667162214121,-127.99498198030945,241.20067707448754,310.52170135217364,
22.167135440002834,101.27066620725076,127.75120117214864,-316.393336067513,-43.25653483574607,159.68281465394625,-204.2417547842114,-187.04097803090826,134.3884009740946,-109.13606411455606,159.56210486528283,378.9872779553736,
30.175421703599916,96.10826780060735,51.46532503619825,-384.26601153573256,-200.9178970858883,174.54818977375544,-192.95299702860925,-248.7972401136832,28.631789705131776,-220.58664137589363,47.574303782881714,267.6315436371303,
61.78723799251173,117.78785188231463,132.86341085812336,-369.0227982656437,-201.9741113638063,141.74870714925487,-29.50257178893689,-121.82869320818048,57.6741030446314,-241.0833206918589,-109.72802394604912,326.0733036241745,
75.26719145445051,153.310204778387,115.73441733219177,-371.5478029312269,-246.085274899149,231.83209072716096,17.688063077904793,-149.1498132375832,-175.8660776330553,-295.47987938978974,21.999662285370846,357.2900990608955,
76.2156692829295,122.74797304767444,120.38047366170896,-315.86699856252477,-194.79556508868643,167.80555935479217,49.646801122442255,-59.87040169573987,-260.61271649771146,-324.8930823872103,29.37648646146539,388.8036552932683,
67.21678830579123,-23.785778649360026,73.8722654126697,-246.33865898487272,-59.50911931189155,7.894392246885388,-206.30035322470476,-8.302999577821538,-273.44289305940646,-95.33044651152896,1.0029946797326375,143.50732354816807,
68.48111907420872,-122.26005752194317,184.23206676436422,-104.80293606010935,-68.28513434036455,-123.49977159454477,-228.2645503534171,-24.577025763634822,-225.27142181449307,176.0143203416937,68.27028758136908,183.1548867654983,
44.80300479048811,-128.76768524412483,175.2947583898491,92.30074624311644,-76.07062484840978,-215.98342720130972,-332.8247590832261,-88.14471659757976,-200.01714883279612,180.970171648803,201.1073144445072,173.10542948184496,
55.25202519197503,-133.6760506726107,228.8627283226304,192.67664247985408,-30.828542187069992,-292.0684007673699,-234.39831466729058,-72.82282325058009,-38.16755644975128,41.484260093345,90.3105464492474,250.4405141319279,
66.08447023206796,-154.70584174737786,243.69883898016553,280.41391646396505,-46.29096693524674,-401.87613201541205,-99.1570114972246,-164.8434634187406,27.911762261460126,-53.49500613468825,12.031789926118222,164.53253228565222,
57.4782016492506,-105.05095018583205,205.78584544160896,428.42231109507577,-174.02712377636735,-351.61921504256657,-162.99732368641025,-233.25529648181748,-109.32941642756052,-97.89983500632788,2.751858614454875,136.65053602965037,
90.01262887691243,-125.74259119829958,274.96271752698993,425.71189189343573,-71.80528320055616,-331.44480583102427,-178.46027801618737,-254.68408964731248,-189.52736135781515,-114.78107277075759,118.41060160491176,63.98803795870377,
103.39917716055564,-76.08089946672482,257.708448493492,475.0923005197043,-79.20241313661602,-200.05592428517718,-303.7501705367963,-224.6145966249096,-236.25530584685066,-64.56082405537306,283.240815080014,53.383985546869056,
74.28316372965759,16.540108940725474,197.87360691312466,531.1522550253821,-134.44359703415287,38.79094154774009,-269.7886526755566,-93.9266302292312,-168.3455898340643,-109.03346500397117,227.3318849595879,-28.8359455783213,
105.13353755316786,-15.296036879370206,241.03082862014526,469.9690287157,-227.8346772001868,-35.917502211855094,-202.99822304592422,-29.44863023527273,-274.8211360341645,-167.47443587574242,248.35858733974726,-57.91467428796756,
90.23716787179643,37.61853325576166,219.1362485149857,546.2147370530511,-158.38734010473763,85.64415394983246,-178.876700546722,-50.27563666275853,-383.78172789570255,-278.13811489143086,231.7055462242958,-65.1828432457553,
91.68953158254811,70.3207300800575,226.80722613083526,591.3934734173667,-101.11224697335376,-9.246167146083451,-76.80591772844593,-101.10328981572445,-299.77772303316794,-334.48321722772187,85.82908754496623,-132.25022944888147,
87.50165997318408,111.06566017761817,210.36950586991293,542.505625187461,-71.90553451740377,-12.982542857249825,-31.30988290287732,13.281381635755167,-388.5632232134664,-333.7446225121347,36.3771581841861,-215.63451620233013,
91.7558908752811,130.1272985427688,204.16575590749267,493.68845155616657,-3.7075515348135397,83.61010827707923,-70.83580249041532,65.39714703762593,-334.2256705992673,-279.286410985569,22.601742610267763,-187.17449922198364,
94.6895201183552,153.52883284742717,193.24608790484228,407.42094655251685,-100.62699836106961,-35.81559646205153,-3.3977562272968385,123.41605882752756,-270.63083091621166,-217.932699201918,-71.04630954259761,-245.63634797087514,
90.65134231097073,211.74433937000393,189.9487276079323,350.1463528399918,2.93204370492564,40.33673220147051,16.250634049684884,100.33882976217262,-403.9154224261579,-249.87523875030385,-200.30850938445514,-84.51978915776303,
116.39871639608268,176.31138378580206,19.669649574943307,181.0721662593947,112.55056224509033,152.94091131461047,-66.60459398645176,-162.54661297868802,-485.98678656939444,-122.38143750652912,-250.72090969004796,4.969486834722588,
136.44980262028756,184.95504452170437,-189.70868464657931,140.0975344266931,182.09632419305643,341.49180225805253,-252.27391073593336,-291.2396043828062,-197.1666540152005,-47.03858938326644,21.05318632630167,-54.32128502046892,
174.35993597341235,103.59005093196488,-284.821855224851,82.97129784339788,232.91028418272907,255.7622393855309,-359.4319410129599,-388.85553626835724,-99.2189992334323,37.12380248721459,43.241308275984295,-25.80314012336453,
180.37230597773268,44.23174894929147,-320.6492235678657,37.4321700626941,181.10334342765017,209.70970686537953,-343.30602229250167,-418.8787352907333,146.6614709619854,109.7017088518607,44.354687389993444,101.17999557091382,
170.66822727839843,-1.562171354047166,-339.3454836984125,42.200100091527815,140.68529655061081,231.24990729365632,-416.81789620308643,-378.03188391410356,290.7261281353509,209.70296977124758,-40.652391082585666,166.13994927411056,
164.50246643309595,-52.84545109401594,-349.31546333825224,38.358460373051884,137.48753548136165,191.2298104008693,-453.0498259213616,-308.00808961581845,385.4925217707333,183.1351201361499,-164.3558784252465,237.45310895776635,
128.59371983479247,-38.73647619801892,-346.6855235690345,96.97606442496965,98.02365490575801,133.70333782554292,-555.4774789844541,-208.32653390294888,398.73300119746847,151.39340742312436,-91.93769792759872,-1.7299886229064185,
110.90688486391952,-43.50803871214302,-271.6983660979346,220.1259089783227,-10.164953197216622,126.33318039765891,-507.094831078031,-43.591935558081445,460.21096570730407,172.98730165402372,-23.40431149302674,-138.3541813874214,
152.45626631188327,-196.67811644685048,-125.27676170657122,277.3261287334506,-176.77662303125885,77.9362940769746,-298.13905828168015,-192.86153064872508,339.3711620861941,236.47643860790777,-134.6649790860564,3.6617609216527995,
138.7421948229061,-209.22116047972287,-39.473186206582646,413.1288207392903,-243.86536303800412,50.67959127943408,-239.76625213003982,-152.05608604583915,310.5354545361362,118.1402840165714,-108.02453066417382,34.861741086963534,
88.68490753702832,-169.49464593012044,-61.595201080278635,431.78115210147064,-368.7431098843355,-103.53818924401844,-223.70805749298367,-95.35355003700334,179.3800581274165,-108.15862509189225,-145.57917133561432,-16.535781538090944,
125.99590077403872,-210.9556916169833,54.48243930012087,477.19058330128985,-230.53668982122971,-98.15909589079473,-32.77300404217873,-128.36586695482316,257.52479132858076,-56.8512788972468,-256.86972004408096,247.8201081864649,
109.75037812679938,-136.99522125699696,36.06699798010375,491.8133201100055,-203.4321826349742,83.1582717325636,-106.92045407556617,-164.66834938204727,161.36666215034242,-118.74076735306198,-80.94210370572665,42.196138617179216,
130.50028256085082,-139.8023349601088,21.92323128931413,461.425962479036,-206.8564629439878,27.969573951371387,-11.747610297842812,-203.26570747740675,162.14752754359398,-110.2045464045634,-217.65132378074895,-58.57375241188866,
126.51113261626273,-109.24502056697719,42.330438016136625,483.91358681655305,-232.8695593289715,43.35785610834819,-64.69961016852753,-106.49111882712839,88.78584125874013,-68.78381384053286,-198.45648553473558,-47.406504137994204,
146.6667180882251,-122.22767060289135,87.8473822040089,471.3186106440088,-216.00414148565872,87.16647200849144,-37.347291599019584,-90.76447517800477,41.258227878291535,-10.044252604665047,-276.5756105406032,-37.74471896722004,
148.34097451645587,-71.5322891245869,106.99023950714049,405.5425893759848,-130.65504945717427,47.83668097151349,-41.496728267617556,-58.74053349588087,106.23842849029548,-33.4878130876462,-148.80759575798885,-94.31940386668546,
125.61159612553345,-47.610959183370284,44.37527347357447,452.7056668914606,-135.96056902164187,56.089292183187354,-66.74042971665526,-132.01834180598735,32.51131971672169,-103.64643929664591,-121.47200431759666,-87.8153196947056,
123.47524950819707,-68.63464403040928,86.06123068737891,429.0594667580012,-11.179783430285784,41.16910384708416,-9.602050224732409,3.4153642894570453,100.22065922915871,36.42188451115641,-120.66219415673515,-14.052597453430664,
106.06162912930787,-88.2036810139071,63.88159448995468,435.3832000704539,22.888590446666093,140.6770293604552,121.3731988994877,47.52462221026309,23.743783180547986,-48.19529643138327,-346.9441716157879,-214.6821659701481,
96.86418710940288,-36.90748345252646,64.69862616369922,495.3028745025822,104.93428328601797,197.01300427857404,91.44258553043555,14.260623431175588,0.548450300600372,-119.07324737606693,-283.7231279482123,-178.55821063397497,
93.73906511699153,-15.063125209098928,19.60866634927295,441.5213901241363,87.64530675359211,167.07089581706396,14.448535315611153,16.594604619699,-77.43760827319889,-158.96812524340308,-283.05631829796846,-210.18080783784762,
87.36152949056594,3.942946269174797,-55.149164867336694,461.23105730970474,163.68396349217642,161.3396031276207,-132.53001350414016,35.06853726903387,-76.16319133696899,-219.24344149036392,-353.3696217587493,-266.4403152217736,
82.88905508740416,25.227515974853475,-29.16462651441134,434.5414377917738,249.90813406454697,75.57606141000053,-36.57722628021796,30.245130461961935,-75.53126152456858,-215.8278101568807,-147.69453659590403,-274.9305320787352,
67.65136831923743,53.664158079874625,-59.6296767135439,356.7595870719183,245.69937267446898,52.481158288198515,-83.34398894372984,24.411540199310593,-95.52426355649638,-262.60263770639017,-53.29524466761512,-401.38615403240715,
68.37413895090467,74.00619837170436,-95.46183449771117,433.4711561873993,322.0131029849899,170.0628789620577,-109.3210460086649,134.11641321870394,-68.6828056343802,-184.8862326203726,-16.54884738236217,-376.81512420643196,
60.61958829270636,20.318808328462836,-78.14300203833626,394.54422562197203,187.56940399553292,36.93650860468313,-347.31165028433236,7.984365361013033,304.28403881754036,229.5903587765256,-24.348372178831426,-399.4848580676057,
45.76888418167027,-111.96289791363068,-68.48195217847059,534.25422617049,76.9520185065546,-191.8241247602972,-340.8899371409867,57.36821427884655,243.70850354665652,223.49350721380006,-126.83026985745255,-398.9579925589688,
19.258815949077917,-118.39433812908419,-64.08735298595113,576.6856502433297,-9.816905725676001,-174.70419670386377,-331.87054070599686,77.74103861682056,268.145859633057,203.20174285850618,-37.06730520630225,-335.3091679247614,
31.56692010058255,-153.7820007029689,-30.924463623751237,566.8734115559635,-3.544122798493582,-195.1505369079871,-120.13840168230686,144.4434759964362,226.44848531523002,116.75443317857099,-204.24661868942286,-294.21338099270145,
34.1621196047849,-147.64603438258473,-48.64719705464468,531.4330406146735,-12.784151217176873,-232.88933788356974,-56.96445319542764,204.9759360750138,379.51732307427443,194.49640315377553,-250.12237919811287,-153.54933456894895,
39.876170225714155,-184.94942568470094,16.232208066260554,474.8572169937557,-9.542845507044206,-426.0060018674736,-27.45014033326696,57.18594208876965,346.6878265741365,218.38134223712666,-387.3447873964574,-153.6934297198513,
11.986999079393701,-115.86013259856128,-53.08732114596391,476.6185640967009,27.19917875825815,-279.54962581712607,-79.17858847515316,162.55667477021137,213.06181222454262,-12.39499944084244,-471.8935917686649,-348.831028507378,
19.167876758572895,-125.07097235730447,-46.21513102358319,528.7974636669303,74.75700102211295,-272.60981765174404,12.326287067123118,304.82972580047124,415.6762397816686,41.516007128401554,-522.5083798695515,-247.90939876602567,
-2.84406688002142,-114.43540438113149,-65.7030119733508,526.1194906338146,146.01245725482923,-274.4650143671736,7.816041499107996,219.34249022767722,338.003413003801,118.51531980207136,-487.51707020150366,-57.1627810197902,
-17.173785124023926,-92.19473398074211,-49.43650117082046,470.9591003721422,95.43484376804443,-196.811718220055,3.454396270197151,347.20632758378633,439.1870145488953,-18.89486944496889,-415.21948485579503,-127.41248697372879,
-20.774181880069932,-153.1413414146407,-82.8922150583802,376.97256914703706,69.74434539740895,-157.6562020736052,53.117603215081,354.04130991729807,381.156458784554,-30.922412557749453,-273.39652943484055,-179.60384947071137,
-28.849525943397936,-128.40086140043798,-92.78562413879308,358.3694722002918,65.1173857170734,-56.97504063864136,-17.2360116102289,369.50803249519663,301.2108571699573,-34.0315299902509,-271.78464675604687,-135.10562765166347,
-17.06811487834304,-153.30136969367572,-62.636085810664454,320.0123927682559,159.90538926081,-38.53517469214245,-3.8429676172711,470.75487074895705,470.46483137565605,18.00327710400731,-340.6555527646076,-86.03337361067241,
-44.66429049698691,-172.60487365425047,-130.36727573235254,263.7014431015216,57.721426676637,-115.73184308692566,-178.72683530473478,214.05185697785743,216.57545483198348,-174.08624212430146,-449.07171887884203,-227.30372950721625,
-50.15242179654639,-121.24455606733409,-114.87136651082797,161.31421586554146,66.18975644210943,-44.25553760983303,-143.21685566792996,202.7039330702708,335.32913706411495,-95.44685944152057,-486.7394442630763,-138.4503108923384,
-46.53194044883844,-81.22531791691887,-124.39498926628784,157.49135952351463,3.9329273626463888,-28.723173858601797,-169.3595483567629,320.6832099605548,434.7578266406705,-273.77826249620125,-377.3254097007149,-143.5550178547936,
-38.25060750531128,-51.77745907371843,-90.90363963458341,141.9301831211167,27.930279897168212,6.427750945485059,-94.03063858647928,333.02477751367064,383.40050345333555,-216.93965082499244,-409.2179459252909,-111.77759766542151,
-49.30363946331999,-81.06010994063632,-106.41668143680134,95.44220311024615,43.49375399011536,-21.75812632746471,-109.77127952612705,284.8275276529877,276.0478440405358,-185.93535133573224,-402.7279193710423,-78.40852611163966,
-60.36270190990354,-37.07702407237056,-121.84124348959462,52.42446025320601,24.312450098346837,45.70758099682831,47.55992236057443,492.8063367274712,309.66106184554235,-138.57462036119716,-400.93244225418596,-41.91684414019231,
-65.56533463205024,17.797690508590136,-105.62237654563751,30.521165574179093,30.99943757026542,48.06215249461758,-84.24491464557815,228.9470342317723,152.06073567426768,-207.76038709613113,-354.2638988939407,-93.66647440344978,
-74.61960198985824,15.428127353488492,-118.00663048000257,-31.87391684598981,33.51627855046535,83.45270386002602,-120.53250370537359,297.347752332157,177.93727936283238,-138.97911167345092,-278.7779301512576,-35.28343769641579,
-66.86433565221434,39.98878331522687,-85.83611566782434,2.076537032406634,-24.943671121079543,0.12303482906952468,-94.41747381771336,326.12943304984293,89.33609185195174,-259.7661392144063,-447.1209200504021,-57.37278604346496,
-71.46417684245807,29.886761947070454,-139.56857681549835,-39.462055825230465,-27.12693721152572,-69.26782409097706,-95.47235265411979,272.37994110052426,126.68570523966434,-263.73596840405827,-207.37408013943593,-0.8382190004248713,
-74.70534954639743,14.813499134639756,-147.34226652067397,7.983814974004872,-47.55818752847872,-133.03738054569743,-220.44571792038235,45.83530481717003,-18.863292912372223,-370.58655322655727,-217.74433649231798,-181.10340513723733,
-66.17907453622229,4.197573780505877,-135.79134595281988,-30.373226855799317,-55.084840104290606,-76.73365263667046,-111.52493052444635,148.2825628499844,18.821571281781182,-252.86859339505693,-183.70580367647557,-112.65264330294605,
-55.378886965961435,14.370628050759535,-119.0117702944008,-16.133063736133096,-6.182137796984776,-113.58862327657147,-170.62199374265808,198.04523577002334,56.07717483862287,-187.27857133317966,-210.04124400428452,-150.2384921200206,
-47.66496263508379,55.26577724074019,-109.60128553912384,-2.176286489310314,21.384557529131826,11.29801569350542,-166.17224539500205,76.5213819580506,7.854552942447,-161.22703924981352,-124.05112002247137,-245.01157750998902,
-46.991414410557184,82.15540743189725,-130.63496594861493,1.5394611668297102,42.15229960446215,29.965570103792572,-99.16955823024998,55.795503674058125,-14.847303371712364,-242.94121010994886,-60.34193492028942,-243.15979986458603,
-62.37605870119113,92.03026189800637,-193.5272718328314,-24.511008768190607,-89.3349699049808,63.23233314296294,-85.28374691085165,177.93981041096598,-173.68332999730154,-293.0030505046871,-150.1149475942285,-275.592523573704,
-57.11762545023052,52.8787251258218,-240.343530676988,14.058231298193192,-88.07052072823839,88.1763779928907,-13.72295619299328,225.20704770590092,-54.081616028183824,-233.87955322858414,-46.6116849276338,-312.63196212629424,
-40.23695571904757,100.28999112444053,-157.61402808166866,-33.63996579876971,-84.42310191523453,125.9095438537621,80.79001206788297,208.46145549653806,29.38700665776948,-193.37821817620227,-98.6583603828945,-246.72922152008238,
-40.66255010972013,118.57877178451274,-126.94842374661039,17.743734910370506,-38.42814759223506,217.0719707297587,63.5060467984332,257.7939835641056,37.47379452014036,-135.3331169963527,26.254850360893784,-243.94494562449546,
-36.41168541737022,126.19022711526712,-137.01772254377605,29.177675401739293,6.6918552402170945,161.01852876529438,-1.32742478236689,154.04863161890736,-47.70622324114067,-109.17561348280981,144.35147974419544,-173.52142727512984,
-55.29014909977547,98.18109410330071,-191.56302283760525,-7.11776415505733,-70.63447358006785,122.09764117790999,-58.49970349866578,157.01823760032315,-119.7617182553168,-144.18614019687115,74.45957640707215,-139.4701911406904,
-53.838290619755824,88.30300500329838,-216.88526204339533,-121.02694179858707,-56.32252996227728,203.09450435667063,57.303541638740015,231.1050874832064,-258.635480442755,-303.6422753579197,-39.69237118228256,-271.8823680403551,
-61.27514051016096,28.15284685741679,-264.1268914916873,-260.9737127166343,135.72435212840307,172.67508020028777,88.9096054217656,411.0861541324713,-435.1231677025138,-334.2902716009968,-195.09120701213237,-212.14743090280353,
-49.86845674886288,-82.11326254818101,-47.84849176036291,-223.84201645259537,306.0192930267467,223.46764842192516,254.43795025419175,359.63662647524586,53.252424430959884,-20.798613074859304,20.939356946499345,-154.26369519046185,
-58.07945291405623,-244.59535179892924,-0.7294832137772858,-431.221399889556,263.8003643015299,-54.2118944210938,377.47473353907924,323.73535477837373,13.106137098317163,-164.51631663234625,-29.85712214362036,-113.50789648486463,
-34.730940760265696,-191.37660495430464,4.293424656202973,-425.73258203624437,128.0319966991326,-130.95661288586643,336.7100921042984,152.15368973920923,-155.8405987173517,-216.3335237678983,-17.0106159140185,-29.570671385315094,
-51.49280075021155,-158.0232389428989,-75.15999484625303,-282.9637498549472,40.56907726282238,-63.66993466643572,148.87286692378007,205.86476399095642,-204.43902602848777,-152.5092740715658,-201.27155798775772,-140.4313945280714,
-35.23286970400566,-162.12803021164825,10.42426561008024,-271.0750466513556,190.16920503859762,-51.13359439596002,250.44259343785492,215.48919054881262,-42.093134638781855,-225.54022721912503,-91.07846994051471,-11.668149882222437,
-34.311047672669886,-156.86350283460922,9.233648517331986,-257.2322835473818,114.9339178998654,-68.39326075527543,337.9463896546803,181.07691647105122,39.59922990553772,-164.9798764505958,-58.967219180508266,-109.67235119669344,
-40.56033535881373,-147.2678490034147,-55.398367748168205,-314.5805460377469,124.96542253838655,-111.11892774150493,255.5362343571503,177.51803185358185,-10.17689685070524,-260.25419393476074,-133.19798186167492,-119.17354954544359,
-52.44382512971415,-162.81209403303853,-17.788035170722807,-220.03896288400932,143.16575599274287,-30.71815686471274,312.6499466606624,232.7125319768913,17.328673541755705,-232.62669718936144,-62.11020602535092,-109.08336133168464,
-42.398818240949815,-141.8589034646559,-7.683472882101427,-234.95615828205098,122.47413512556858,-62.324005275983666,230.19947225599745,163.5726675660785,98.95410120126317,-63.733816919343695,126.84248344118419,6.335644919094278,
-51.554311175375794,-183.15983023926918,-25.875642280156555,-326.57768061490145,121.32410664791749,-121.16914035098591,202.21837278071155,138.60162120757028,-45.52360439941834,-247.31837235899968,-169.3346758990462,-163.0271008193346,
-25.595614766631382,-210.97723081491097,28.371995267879086,-265.15421310424756,196.76834397777273,-48.991163320693715,356.70396352963417,284.26370816368797,108.23344927988174,-101.85679261934703,-97.70497070848478,-62.66129009733595,
-30.53913156387635,-194.12354635196021,22.088400001193506,-320.58619224763044,191.8415214729605,-87.96412813058163,392.6103295329343,180.6313820326597,96.50373061567379,-141.5351754207866,-95.14758905384718,-22.586706765748673,
-48.1824858376788,-208.8511886515663,-39.19253256171242,-250.2036719663576,187.75395113760973,-72.68902107987816,288.66579777371095,226.32271159445708,14.484242701602824,-45.88438133238397,27.89390529339272,112.174521940379,
-61.64891459302668,-221.99460093620672,-121.50999128212356,-360.52882670835663,-46.478592152253285,-123.08767108684111,118.0038488569689,110.53765203392481,-63.66357129115031,-197.41601814039234,-278.7716962049999,-129.2563941120408,
-44.26660843319803,-167.14311945222994,-53.7782358690909,-236.80405538795077,102.72226657528225,-2.1833566329020755,330.9204119918294,208.80749937110784,130.2191967364302,-123.62273219485314,-45.397484356159794,-118.50992596800012,
-46.466263244688456,-154.39130187585522,-70.24153662771056,-253.71287563885028,160.33787990511993,46.0739720290627,286.8880798777765,248.9215431956935,144.73585314892455,-134.99736891805998,51.390761265647114,-64.89235212420671,
-57.577933060825295,-203.29439940739104,-156.26104253717932,-368.95791063764057,36.79723320474326,-66.98706278637195,201.03900065410502,212.3087464956388,-36.31066419978851,-122.9499327801943,-88.15898903917531,-86.93296332839068,
-44.285993296277546,-142.6447678198444,-139.07613091332183,-284.33925691761675,141.06995806096973,-47.51312914846574,279.6913988418985,427.71506146390544,2.511566037795852,-50.758443214015756,-26.833438156995612,-89.93621614645382,
-40.7028085713864,-105.60559071204477,-163.30417867843656,-158.77120315527714,195.60300306737534,66.84030327410278,330.8297698188269,435.96889126259623,-22.32721788951877,-140.16082717362934,-39.172761878670826,-126.15906896608568,
-44.40931606777876,-39.45307461739313,-223.2752999152836,-193.89190566150143,100.81354497076146,6.344684545489315,209.2179564908865,465.08754643167845,-133.23413175817834,-194.23222870491878,-54.76383987369644,-149.9211776279583,
-48.48058991970309,68.26650951470378,-212.1527982152085,-116.39324528354831,24.960138314246926,-25.228335126504874,94.4842660952813,361.60752718639947,-158.26371213328292,-149.87885844602218,-45.565048767511996,-138.21639735658854,
-42.011332405631315,167.2840002446227,-258.8549629733754,-139.79499560294397,3.358925625655459,10.943867512996746,8.248122732905813,346.4283419636895,-176.4707737080656,-364.8096504641869,-143.14612764278343,-118.01735092464081,
-49.51044824425027,220.00027197462327,-217.15172749271017,-51.451453910588384,-52.307692436024986,164.09325124816343,-7.695323093865568,277.17454721803375,-166.2288845401606,-268.86125612930766,119.61168423207741,-150.5372616385323,
-61.166999268105734,259.8237709730802,-184.6381070910786,20.546996317841177,-152.65192231940736,81.81676700965443,-115.03256860243764,232.68987080437043,-188.39797906552081,-342.19465958717956,155.8271315439003,-288.130057631258,
-58.940005630786615,252.7950704956119,-150.66386939012318,124.05817767497945,-104.7911230754404,60.52084857340361,-79.05352194632582,126.15723516126431,-207.51246226562597,-283.01993695120154,192.8693654801846,-169.1169636135259,
-70.6759156905562,278.30546473461595,-97.20756709914284,208.2219419778649,-139.07613500164507,37.39033054459122,-175.01063599600735,171.46930284483452,-189.86431233857726,-335.9246383121898,353.299274794818,-71.41185179800651,
-80.58498718936463,240.31453799637984,-93.09727897542315,212.2285246236196,-85.1274001906958,-9.187424622310118,-309.1106957770821,144.99823722795142,-158.9667497247233,-416.5740011294985,116.83193427736947,-225.07408689403377,
-74.09294232268542,235.40413116969467,-56.816143933397704,266.3386401002458,-68.04056963455282,15.852380497694583,-247.22304105481945,96.5059365613734,-130.62767296140817,-353.08278678958317,135.29739322417177,-166.07522977006533,
-82.33630140351991,227.97036013557982,-68.76859239159525,292.2738505613473,-109.01799943470513,-36.985476540206776,-315.77909347830405,34.157919063537804,-150.11554414262585,-290.6447627194651,267.5041871453449,-168.8446363577122,
-78.82856012496063,252.7573832106026,-41.294101027541245,277.00044030550464,-92.89407811070035,-43.45467206969778,-279.6348270699633,143.20170840962388,-217.5231325287907,-430.29760368045004,309.85195310410984,-84.65018758253834,
-76.72924280627731,231.58126784043787,-110.99901683733009,194.87087222214606,-54.81072367982983,83.84385913272484,-313.0947817224027,51.671729196752324,-212.37000381038575,-403.64120336061444,272.8554775450545,-101.40591247976482,
-51.05711847006644,233.2940627673946,-122.18356781499645,266.89076850672535,-4.7004294421206225,78.81333739972075,-298.0248088012655,147.8463196104011,-107.9453286826957,-249.72268059025492,375.56892508490785,-164.0674105785733,
-74.31769740966732,205.3792766653883,-106.08271482087689,272.76220196642083,5.007404940498503,-6.895978875816354,-263.7029915145314,96.68801905842895,-76.40219546056565,-283.4390948847135,271.4267648828175,-202.88629524149502,
-61.48409654034499,234.76490660485237,-83.59795063432922,306.27098944885995,39.55315788019579,48.5876558663424,-394.6568668449719,89.82262770166193,3.1771167908196176,-169.7138693452191,235.94719323949585,-209.23374977060496,
-67.00951983334087,207.06801103284013,-103.72313355425361,293.88163486970365,4.213121601641177,44.331105799705085,-348.3279401112733,19.97818668826784,39.56416579175433,-199.64798395443552,103.69797321712676,-291.3472625515805,
-70.95379215406106,212.89232854539253,-56.190298835891554,356.1079408018467,18.914200737869685,-8.239697218182187,-351.1070271817416,40.37665254103143,-7.937708944110248,-209.6641354294556,137.650235459502,-271.9830785919764,
-66.76609691721163,204.55194913774665,-76.66608269145817,330.6666173317499,-10.84585811040915,40.324747485599175,-453.1512189481065,-60.39166264660736,74.1702513010831,-94.88430577868881,276.8453394382134,-297.8784437349018,
-67.62425672428176,176.0425102685344,-95.9066631304961,369.86808978295613,43.63607168191924,44.764017247237916,-448.93440709922584,-71.38768280734655,40.96931997433583,-111.91494269371265,233.13091871063492,-184.4970853110844,
-62.954302804567334,188.07734673862433,-90.10404388749849,374.04525057827493,83.75901338029118,78.7971661981656,-519.3095437646854,-14.31168283071338,27.466850067758436,-215.08596884936748,167.71837578899033,-151.02764795609315,
-59.52073637722864,134.47234262824122,-74.92839783888691,200.46032705697633,142.98249344136266,144.03922480065947,-247.72201182342476,75.43888634956062,13.4639233252677,-183.19112021623562,228.78714607027194,-189.8372611400456,
-92.32775806142041,81.26750944454332,-166.36294586022802,-205.93460721352653,347.3705405121385,236.42690274187026,30.51068131511402,329.9607106472834,-319.13544512879224,-195.2828385757601,94.45775863539495,-107.72102713079107,
-76.76856208800689,-53.2405788356198,-130.79315785139488,-365.0358439694362,404.7026616429578,139.69941870556252,66.7514746119809,293.200517304886,-351.4869361057758,-323.9159626957824,-242.44776852155508,38.065434144044204,
-42.63828574002364,-32.069223815231936,-78.8129021379883,-290.8570178620878,492.1257698593511,267.21037472815124,197.06344712676344,291.91949504607936,-107.85907825959325,-101.47899170387723,-184.14733106844864,304.68527428183774,
-27.650747804684308,21.760521371641318,-96.89770551269864,-245.31607012200595,505.40449314408676,382.89249930455503,287.2573770320985,480.5532718518178,-137.69039024728156,168.83617899087494,-2.668686274894526,198.3412879747645,
9.1516740964061,94.26652246561567,-31.479294462912748,-190.12503805526734,626.3739006811448,322.14021629027695,349.5178136584259,391.86988708435274,-221.0611618123744,154.25272755212904,31.92996809414103,109.24702005716837,
4.069990663277515,153.15383911520263,-7.831425296414551,-217.58636439243588,588.0229145527303,305.4653127766648,430.1045207801769,569.2280249152845,-259.28133817304587,94.86434407810663,61.15147213621384,-22.869145288169662,
-6.912555855227971,142.88981059332,-52.14972687923788,-136.01694348863555,611.1437840782354,488.87711996314425,404.2472418567479,522.1326318051547,-363.1416058213026,36.81554303336429,151.24079033278335,47.00453306785924,
-11.610834146990213,151.96756064554756,-54.937745982200376,-141.90453157146254,513.5396180339305,384.72514033012357,235.93353876320464,428.4969997323324,-552.8570887139385,90.1482858035751,154.51507219272867,7.339447051836785,
-20.017850008045528,112.30717540230394,-126.88873520724464,-113.64995654938423,524.231821126771,378.9113669124635,158.51830445570636,430.01096790896065,-487.668842088539,3.456901504344529,228.3200571699065,168.82590829828007,
-22.543539217723847,109.64894813720028,-145.24933789164908,2.6554501312032244,567.9269314524836,371.0656159382884,101.81680286075313,386.63211236614814,-181.6070129594769,-141.18459413137992,105.76283701506125,11.136934730968505,
-36.34403270821731,115.77912479631173,-171.68716755228866,-55.61626863567574,471.75818172763314,267.3335834188526,54.643006049546045,217.86168638107324,-279.4400924518094,-58.49259390393493,152.20864036573235,81.90473894064017,
-29.741191410635203,121.36729984279667,-153.07389684799256,-128.9883542722684,284.94942591192637,213.82666021901954,-6.674985360789677,201.67775044434217,-312.9576260892475,-200.039518084377,149.18840101618565,98.06359133667404,
-38.184672089429725,128.6881131685662,-87.34625965723743,-32.730255329548555,225.722271582737,231.5425728134174,-9.638165819392185,201.93846156527368,-219.67953632060915,-195.72798293829172,63.03692642861998,96.32119339822653,
-48.17659052022028,108.61683696886935,-114.39726196898413,-18.356038125106437,205.59681278561413,339.0474635645366,-14.441895790277911,196.34689637908963,-318.8259928226556,-264.17342064958405,74.78769263643267,104.76344627197436,
-58.62039337814483,106.07119447999723,-102.93136168783253,40.605228204695095,132.44592656284775,255.00408445131058,-74.67050606608689,62.21230620826299,-261.67941376904156,-233.4050703161339,33.35398546366696,16.484036294719004,
-72.16550930011854,90.38397193577745,-62.77570655509615,119.45184348975563,76.36306583549913,193.7785530770938,-152.17072466534188,-14.418836875027012,-31.33550839050975,-71.22774703382143,162.63420799340506,43.773887189963986,
-63.720671691519094,58.96962502643228,-105.2369801124449,185.17216858567835,28.877444320276744,170.3702115038097,-225.81087448117685,-57.33030870722013,-66.97899367014708,-281.79758051273564,92.99897472580648,8.426449663743838,
-64.94882911315977,95.45956833267952,-136.27130428629812,278.9743059239995,7.298481333702981,238.84222428527707,-160.7055446270004,-7.574569776244346,61.243241458901856,-227.35065768060713,102.62788103689059,-33.39171441065811,
-58.116529194592026,77.77594485160633,-92.99557859861505,205.72573139634113,-32.95966554428402,160.37918849012627,-223.56888512826058,-72.9147802314285,76.76003320151645,-113.37164079224473,127.03600610888375,56.71560443145934,
-50.060222880593166,88.44057661091641,-105.67757220260118,211.27250981376926,-48.22358335984647,169.19212957640065,-295.2314284859823,-68.41611948538338,98.16431388840857,-19.11789904478539,172.8875839668009,-32.2806034290184,
-66.13970888718899,67.91319153138295,-171.90675610214385,169.69520503536148,-114.0119201870134,142.69946447518578,-328.3410958266952,-108.89673546017588,134.11674038679135,-46.4311632049874,293.14895977177747,-31.26510826571962,
-75.65275528220954,41.01861196013493,-149.04550550390064,229.98550969810532,-137.17805257266087,72.34946702802102,-287.42983393356883,-97.89019455975199,90.66333794389863,-19.908433662143693,253.0233549742429,-71.6320773584294,
-66.09616453071808,52.10982386875341,-101.59102843189181,219.3494065030768,-120.11266020767297,25.879542816099843,-296.7681518889758,-144.93770008612125,52.972745520461054,-147.94392474050446,286.0185487005434,-92.34095553470112,
-51.519425195760675,67.07675632932012,-129.35214759464148,238.87401547516157,-111.10420273531417,-17.842925991657978,-305.3338258174026,-220.15435084938224,69.92697835884226,41.469273726704074,402.0475263064392,-165.15336274098888,
-64.6180326928489,88.80062147188201,-77.40383157675659,240.54539866522688,-83.19023891517529,25.564400448596814,-211.1622070310572,-308.7708682907968,-78.70511921127684,-9.883509442582096,321.7097092452736,-58.42647148626559,
-63.510387515481106,107.46076366105486,-92.09915273166182,265.41427887727235,-41.60957188813353,52.06287998662759,-238.75995526795455,-120.0102984169277,91.18548224401226,65.3327068109121,196.6745982832809,66.24275977320433,
-66.91424759050082,90.85691221742681,-47.43070183443531,319.4246557978093,-32.224136294551705,107.23529983507163,-238.72455381304897,-141.8224400101244,-29.441751054387318,-111.64737418799086,113.08372991443406,-69.81669449653448,
-69.47229624995713,102.76619633906657,-87.19317587296396,300.1723088762983,-35.16237057134371,6.958822876808711,-261.12048020703537,-206.60210185571498,-7.7255067740755905,-42.21784629163132,253.52670462376884,-128.85317385532443,
-68.83730548085661,107.22405374600191,-52.98345965451442,233.5466588030323,-74.71394649655721,-20.621525729706264,-280.1462260970882,-148.6074417972144,-76.50989622823604,-261.0050000897142,218.49872676597974,-53.703535664614,
